{
  "Total" : {
    "transaction" : "Total",
    "sampleCount" : 500,
    "errorCount" : 6,
    "errorPct" : 1.2,
    "meanResTime" : 754.9499999999994,
    "medianResTime" : 580.5,
    "minResTime" : 294.0,
    "maxResTime" : 3168.0,
    "pct1ResTime" : 1449.5000000000002,
    "pct2ResTime" : 1796.7499999999995,
    "pct3ResTime" : 2490.75,
    "throughput" : 8.260639703938674,
    "receivedKBytesPerSec" : 3.924255613104679,
    "sentKBytesPerSec" : 0.9357755914618028
  },
  "HTTP Request" : {
    "transaction" : "HTTP Request",
    "sampleCount" : 500,
    "errorCount" : 6,
    "errorPct" : 1.2,
    "meanResTime" : 754.9499999999994,
    "medianResTime" : 580.5,
    "minResTime" : 294.0,
    "maxResTime" : 3168.0,
    "pct1ResTime" : 1449.5000000000002,
    "pct2ResTime" : 1796.7499999999995,
    "pct3ResTime" : 2490.75,
    "throughput" : 8.260639703938674,
    "receivedKBytesPerSec" : 3.924255613104679,
    "sentKBytesPerSec" : 0.9357755914618028
  }
}